Time,Latitude,Longitude,Elevation,HR
09:25:09,41.470507,14.540319,509.7,145
09:25:10,41.470474,14.54041,509.6,145
09:25:11,41.470446,14.540492,509.6,143
09:25:12,41.470414,14.540582,509.5,143
09:25:13,41.470385,14.540676,509.5,146
09:25:14,41.470354,14.540773,509.4,146
09:25:15,41.470322,14.540871,509.4,145
09:25:16,41.470292,14.540965,509.3,145
09:25:17,41.470263,14.541057,509.2,145
09:25:18,41.470231,14.541148,509.2,145
09:25:19,41.470199,14.541241,509.1,145
09:25:20,41.470167,14.541328,509.1,144
09:25:21,41.470135,14.541419,509.1,144
09:25:22,41.470105,14.541511,509.0,145
09:25:23,41.470077,14.541603,509.0,145
09:25:24,41.470049,14.541693,508.9,145
09:25:25,41.470019,14.541782,508.9,145
09:25:26,41.469995,14.541871,508.8,145
09:25:27,41.469963,14.541963,508.8,145
09:25:28,41.469935,14.542053,508.7,145
09:25:29,41.469907,14.542142,508.7,145
09:25:30,41.469873,14.54223,508.6,145
09:25:31,41.469842,14.54232,508.6,145
09:25:32,41.469812,14.542408,508.5,145
09:25:33,41.469779,14.542494,508.5,146
09:25:34,41.469747,14.542583,508.4,146
09:25:35,41.469718,14.542673,508.4,146
09:25:36,41.469687,14.542764,508.3,146
09:25:37,41.469659,14.542858,508.3,147
09:25:38,41.469625,14.542952,508.3,147
09:25:39,41.469593,14.543046,508.2,147
09:25:40,41.469564,14.543132,508.1,147
09:25:41,41.469532,14.543219,508.1,147
09:25:42,41.469499,14.543311,508.0,147
09:25:43,41.46947,14.543401,508.0,147
09:25:44,41.469435,14.543497,507.9,147
09:25:45,41.469411,14.543587,507.9,147
09:25:46,41.469377,14.543677,507.8,147
09:25:47,41.469346,14.543765,507.8,148
09:25:48,41.469314,14.543857,507.7,148
09:25:49,41.46928,14.543949,507.6,148
09:25:50,41.469244,14.544036,507.6,148
09:25:51,41.469214,14.544123,507.5,148
09:25:52,41.469182,14.54421,507.4,148
09:25:53,41.469152,14.5443,507.4,148
09:25:54,41.46912,14.544391,507.4,148
09:25:55,41.469085,14.544486,507.3,148
09:25:56,41.469046,14.544579,507.3,148
09:25:57,41.469015,14.54467,507.2,148
09:25:58,41.468987,14.544759,507.2,148
09:25:59,41.468954,14.544851,507.1,148
09:26:00,41.468927,14.544935,507.1,148
09:26:01,41.468894,14.545028,507.0,148
09:26:02,41.468861,14.54512,506.9,149
09:26:03,41.468826,14.545215,506.9,149
09:26:04,41.46879,14.545307,506.8,149
09:26:05,41.468754,14.545403,506.7,150
09:26:06,41.468723,14.545492,506.7,150
09:26:07,41.468694,14.545585,506.6,150
09:26:08,41.468661,14.545679,506.5,150
09:26:09,41.468629,14.545773,506.5,150
09:26:10,41.468595,14.545867,506.4,150
09:26:11,41.468566,14.545961,506.3,149
09:26:12,41.468534,14.546056,506.2,149
09:26:13,41.4685,14.546155,506.2,150
09:26:14,41.468465,14.546256,506.1,150
09:26:15,41.468434,14.546358,506.1,150
09:26:16,41.468398,14.546459,506.0,150
09:26:17,41.468371,14.54656,505.9,150
09:26:18,41.468339,14.546656,505.9,151
09:26:19,41.468307,14.546746,505.8,151
09:26:20,41.46827,14.546844,505.7,151
09:26:21,41.468235,14.546943,505.6,151
09:26:22,41.468203,14.547044,505.6,151
09:26:23,41.468171,14.547152,505.5,151
09:26:24,41.468136,14.547257,505.4,151
09:26:25,41.4681,14.547358,505.4,151
09:26:26,41.468062,14.547458,505.4,151
09:26:27,41.468024,14.547553,505.4,151
09:26:28,41.467985,14.547648,505.3,152
09:26:29,41.467944,14.547744,505.2,152
09:26:30,41.467905,14.547837,505.1,152
09:26:31,41.467862,14.547933,505.1,152
09:26:32,41.467816,14.548033,505.0,152
09:26:33,41.467779,14.548127,505.0,152
09:26:34,41.467743,14.54822,504.9,152
09:26:35,41.467697,14.548315,504.9,153
09:26:36,41.467652,14.548409,504.8,153
09:26:37,41.467609,14.548502,504.7,153
09:26:38,41.467565,14.548593,504.7,153
09:26:39,41.467511,14.548686,504.6,153
09:26:40,41.467465,14.548778,504.5,153
09:26:41,41.467422,14.54887,504.5,153
09:26:42,41.467378,14.548964,504.5,153
09:26:43,41.467331,14.549061,504.5,153
09:26:44,41.467285,14.549159,504.5,153
09:26:45,41.46724,14.549257,504.4,153
09:26:46,41.467191,14.549354,504.4,153
09:26:47,41.467144,14.549445,504.4,154
09:26:48,41.467092,14.54954,504.3,153
09:26:49,41.467044,14.549634,504.3,153
09:26:50,41.46699,14.54973,504.2,153
09:26:51,41.466938,14.549824,504.2,153
09:26:52,41.466892,14.549916,504.1,153
09:26:53,41.466845,14.550006,504.1,153
09:26:54,41.466802,14.550095,504.1,153
09:26:55,41.466762,14.550188,504.1,153
09:26:56,41.466718,14.55028,504.1,153
09:26:57,41.46667,14.55038,504.0,153
09:26:58,41.466624,14.550473,504.0,153
09:26:59,41.466578,14.550564,504.0,153
09:27:00,41.466534,14.550657,504.0,152
09:27:01,41.466488,14.550751,504.0,152
09:27:02,41.46644,14.550843,504.0,152
09:27:03,41.466393,14.550934,504.0,152
09:27:04,41.466348,14.55103,504.0,152
09:27:05,41.466303,14.551123,504.0,152
09:27:06,41.466258,14.551218,504.0,152
09:27:07,41.46621,14.551314,504.0,152
09:27:08,41.46616,14.551406,504.0,152
09:27:09,41.466114,14.551495,504.0,152
09:27:10,41.466071,14.551586,504.0,152
09:27:11,41.466028,14.551679,504.0,152
09:27:12,41.465985,14.55177,504.0,152
09:27:13,41.465937,14.551859,504.0,152
09:27:14,41.465888,14.551952,504.0,152
09:27:15,41.465837,14.552038,504.0,151
09:27:16,41.465791,14.552128,504.0,151
09:27:17,41.465749,14.552217,504.0,151
09:27:18,41.465702,14.552307,504.0,151
09:27:19,41.46566,14.552392,504.1,151
09:27:20,41.465613,14.552484,504.1,151
09:27:21,41.465574,14.552565,504.1,151
09:27:22,41.465531,14.552647,504.1,151
09:27:23,41.465489,14.552728,504.1,151
09:27:24,41.465454,14.552806,504.1,151
09:27:25,41.465411,14.552886,504.1,151
09:27:26,41.465371,14.552968,504.1,151
09:27:27,41.465331,14.553052,504.1,151
09:27:28,41.465298,14.55313,504.1,151
09:27:29,41.465262,14.553207,504.1,151
09:27:30,41.465221,14.553282,504.1,151
09:27:31,41.465183,14.553361,504.1,151
09:27:32,41.465143,14.553442,504.1,152
09:27:33,41.465106,14.553522,504.2,152
09:27:34,41.465075,14.553598,504.2,152
09:27:35,41.465037,14.553677,504.2,152
09:27:36,41.465011,14.553758,504.3,152
09:27:37,41.464977,14.553841,504.3,152
09:27:38,41.464943,14.553923,504.4,152
09:27:39,41.464902,14.554,504.5,152
09:27:40,41.464863,14.554076,504.6,152
09:27:41,41.464829,14.554151,504.7,152
09:27:42,41.464802,14.554223,504.8,152
09:27:43,41.464766,14.554298,504.9,152
09:27:44,41.464734,14.55437,505.0,152
09:27:45,41.464708,14.55444,505.0,152
09:27:46,41.464676,14.554513,505.0,152
09:27:47,41.464647,14.554585,504.9,153
09:27:48,41.464619,14.554657,504.9,153
09:27:49,41.464587,14.554726,505.0,153
09:27:50,41.464551,14.554794,505.0,153
09:27:51,41.46452,14.55486,505.0,153
09:27:52,41.464489,14.554923,505.0,153
09:27:53,41.464458,14.554987,505.0,153
09:27:54,41.464424,14.555053,505.1,153
09:27:55,41.464386,14.555121,505.1,153
09:27:56,41.464349,14.555186,505.2,153
09:27:57,41.464315,14.555242,505.5,153
09:27:58,41.464286,14.555304,505.7,153
09:27:59,41.464261,14.55536,505.9,153
09:28:00,41.464237,14.555414,506.1,152
09:28:01,41.464207,14.555465,506.3,152
09:28:02,41.464181,14.555517,506.5,152
09:28:03,41.464155,14.555569,506.8,152
09:28:04,41.46413,14.555615,506.9,152
09:28:05,41.464106,14.555668,507.2,152
09:28:06,41.464085,14.555723,507.4,152
09:28:07,41.464056,14.555777,507.6,153
09:28:08,41.464034,14.555835,507.8,153
09:28:09,41.464011,14.555892,508.1,153
09:28:10,41.463988,14.555947,508.3,153
09:28:11,41.463961,14.556006,508.5,154
09:28:12,41.463941,14.556063,508.7,154
09:28:13,41.463918,14.556117,509.0,152
09:28:14,41.463899,14.556169,509.1,152
09:28:15,41.463884,14.556224,509.3,156
09:28:16,41.463866,14.556285,509.6,156
09:28:17,41.463847,14.556344,509.8,158
09:28:18,41.463824,14.556405,510.0,158
09:28:19,41.463803,14.556465,510.2,159
09:28:20,41.463783,14.556521,510.3,159
09:28:21,41.463763,14.556574,510.5,159
09:28:22,41.463745,14.556633,510.7,159
09:28:23,41.46372,14.556693,510.9,159
09:28:24,41.463697,14.556752,511.1,159
09:28:25,41.463675,14.556812,511.2,159
09:28:26,41.463656,14.556871,511.4,159
09:28:27,41.463638,14.55693,511.6,159
09:28:28,41.463618,14.55699,511.7,159
09:28:29,41.463598,14.557047,511.9,159
09:28:30,41.463578,14.557105,512.1,160
09:28:31,41.463558,14.557161,512.2,160
09:28:32,41.46354,14.557215,512.4,160
09:28:33,41.463523,14.557273,512.5,160
09:28:34,41.463501,14.557331,512.7,160
09:28:35,41.46348,14.557391,512.9,160
09:28:36,41.463461,14.557449,513.0,160
09:28:37,41.463443,14.557503,513.2,160
09:28:38,41.463418,14.557562,513.3,160
09:28:39,41.463397,14.557618,513.5,160
09:28:40,41.463383,14.557667,513.6,160
09:28:41,41.463365,14.557724,513.6,160
09:28:42,41.463348,14.557779,513.7,160
09:28:43,41.463332,14.557834,513.7,160
09:28:44,41.463313,14.557892,513.8,160
09:28:45,41.463294,14.557952,513.8,161
09:28:46,41.463279,14.558016,513.9,161
09:28:47,41.46326,14.558079,514.0,162
09:28:48,41.463238,14.558141,514.0,162
09:28:49,41.46322,14.558204,514.1,162
09:28:50,41.463203,14.558269,514.1,162
09:28:51,41.463184,14.558332,514.2,162
09:28:52,41.463168,14.558393,514.2,162
09:28:53,41.463146,14.558452,514.3,162
09:28:54,41.463125,14.55851,514.3,162
09:28:55,41.463103,14.558569,514.4,162
09:28:56,41.463079,14.55863,514.4,162
09:28:57,41.463057,14.558694,514.5,162
09:28:58,41.463037,14.558752,514.5,161
09:28:59,41.463017,14.558808,514.5,161
09:29:00,41.462999,14.558866,514.5,161
09:29:01,41.462983,14.558928,514.6,161
09:29:02,41.462961,14.55899,514.6,161
09:29:03,41.46294,14.559049,514.5,161
09:29:04,41.46292,14.559108,514.5,160
09:29:05,41.462901,14.559175,514.5,160
09:29:06,41.462881,14.559243,514.4,160
09:29:07,41.462855,14.559314,514.4,160
09:29:08,41.462828,14.559384,514.3,160
09:29:09,41.462801,14.559456,514.3,159
09:29:10,41.462774,14.559526,514.2,159
09:29:11,41.462749,14.559597,514.1,159
09:29:12,41.462722,14.559674,514.0,159
09:29:13,41.462693,14.559755,513.9,159
09:29:14,41.462665,14.559835,513.8,159
09:29:15,41.462635,14.559915,513.7,157
09:29:16,41.462608,14.559997,513.6,157
09:29:17,41.46258,14.560081,513.4,157
09:29:18,41.46255,14.560166,513.3,157
09:29:19,41.462521,14.560246,513.2,155
09:29:20,41.462487,14.560328,513.0,155
09:29:21,41.462459,14.560412,512.9,154
09:29:22,41.46243,14.560502,512.7,153
09:29:23,41.462398,14.560592,512.6,153
09:29:24,41.46236,14.560684,512.4,151
09:29:25,41.462327,14.560782,512.2,151
09:29:26,41.462292,14.560885,512.0,150
09:29:27,41.462255,14.560989,511.8,150
09:29:28,41.46222,14.561091,511.6,149
09:29:29,41.462186,14.561191,511.4,149
09:29:30,41.462154,14.561295,511.2,148
09:29:31,41.462118,14.561397,511.0,148
09:29:32,41.462084,14.561495,510.8,147
09:29:33,41.462049,14.561598,510.6,147
09:29:34,41.46202,14.561701,510.5,145
09:29:35,41.461987,14.561803,510.5,145
09:29:36,41.461949,14.561907,510.4,144
09:29:37,41.461908,14.562009,510.4,143
09:29:38,41.461874,14.562108,510.4,143
09:29:39,41.46184,14.562206,510.5,143
09:29:40,41.461805,14.562301,510.6,143
09:29:41,41.461772,14.562391,510.6,142
09:29:42,41.461738,14.56248,510.7,142
09:29:43,41.461707,14.562564,510.8,142
09:29:44,41.461678,14.562651,510.9,142
09:29:45,41.46165,14.562739,510.9,142
09:29:46,41.461622,14.562821,511.0,142
09:29:47,41.461598,14.562902,511.0,141
09:29:48,41.461574,14.562987,511.1,141
09:29:49,41.461551,14.563072,511.2,140
09:29:50,41.461528,14.563157,511.2,140
09:29:51,41.461504,14.563231,511.3,139
09:29:52,41.461477,14.563314,511.3,139
09:29:53,41.461452,14.563395,511.4,139
09:29:54,41.461426,14.563477,511.4,142
09:29:55,41.461399,14.563559,511.5,142
09:29:56,41.461372,14.563644,511.5,142
09:29:57,41.461345,14.563725,511.5,142
09:29:58,41.461316,14.563805,511.6,142
09:29:59,41.461287,14.563882,511.6,142
09:30:00,41.461262,14.563957,511.7,142
09:30:01,41.461239,14.564035,511.7,142
09:30:02,41.461209,14.564111,511.7,142
09:30:03,41.46118,14.564189,511.8,142
09:30:04,41.461154,14.564265,511.8,142
09:30:05,41.461128,14.564337,511.9,142
09:30:06,41.461098,14.564412,511.9,142
09:30:07,41.461072,14.564488,512.0,142
09:30:08,41.461039,14.564569,512.0,142
09:30:09,41.461014,14.564646,512.1,142
09:30:10,41.460987,14.564725,512.1,142
09:30:11,41.46096,14.564803,512.1,142
09:30:12,41.460941,14.564878,512.2,142
09:30:13,41.460915,14.564961,512.2,142
09:30:14,41.460884,14.565039,512.3,142
09:30:15,41.460861,14.565116,512.3,142
09:30:16,41.460836,14.565195,512.3,142
09:30:17,41.46081,14.565272,512.4,142
09:30:18,41.460779,14.56535,512.4,142
09:30:19,41.46075,14.565427,512.4,143
09:30:20,41.460717,14.565507,512.5,143
09:30:21,41.460692,14.56559,512.5,144
09:30:22,41.460664,14.565675,512.6,144
09:30:23,41.460639,14.565759,512.7,144
09:30:24,41.460611,14.565841,512.7,144
09:30:25,41.46058,14.565929,512.8,144
09:30:26,41.460552,14.566015,512.9,144
09:30:27,41.460524,14.566099,512.9,144
09:30:28,41.460495,14.566181,513.0,143
09:30:29,41.460467,14.566264,513.1,143
09:30:30,41.460438,14.566348,513.1,143
09:30:31,41.460409,14.56643,513.2,143
09:30:32,41.460382,14.566507,513.3,144
09:30:33,41.460355,14.566582,513.3,144
09:30:34,41.460327,14.566661,513.4,145
09:30:35,41.460299,14.566743,513.4,145
09:30:36,41.460268,14.566826,513.5,145
09:30:37,41.460241,14.566905,513.5,145
09:30:38,41.460214,14.566983,513.6,143
09:30:39,41.460191,14.567059,513.6,141
09:30:40,41.460166,14.567134,513.7,141
09:30:41,41.46014,14.567211,513.8,141
09:30:42,41.460115,14.567287,513.8,141
09:30:43,41.460084,14.567368,513.9,142
09:30:44,41.460054,14.567449,513.9,142
09:30:45,41.460028,14.567525,514.0,143
09:30:46,41.459998,14.567602,514.0,143
09:30:47,41.45997,14.567679,514.0,144
09:30:48,41.459941,14.567758,514.1,144
09:30:49,41.459911,14.567838,514.1,143
09:30:50,41.459879,14.567921,514.2,143
09:30:51,41.459853,14.567999,514.2,144
09:30:52,41.459823,14.56808,514.3,144
09:30:53,41.459798,14.568163,514.3,144
09:30:54,41.459772,14.568249,514.4,144
09:30:55,41.459749,14.568333,514.4,144
09:30:56,41.459723,14.568417,514.4,144
09:30:57,41.459696,14.5685,514.5,144
09:30:58,41.459673,14.568578,514.6,144
09:30:59,41.459649,14.568657,514.6,144
09:31:00,41.459624,14.568736,514.7,143
09:31:01,41.4596,14.568808,514.8,143
09:31:02,41.459571,14.568881,514.8,143
09:31:03,41.459544,14.568954,514.9,143
09:31:04,41.459521,14.569027,515.0,143
09:31:05,41.459498,14.569102,515.0,143
09:31:06,41.459472,14.569175,515.1,143
09:31:07,41.459442,14.569252,515.2,143
09:31:08,41.459415,14.569327,515.3,143
09:31:09,41.459386,14.569405,515.3,143
09:31:10,41.459359,14.569481,515.4,143
09:31:11,41.459329,14.569558,515.5,143
09:31:12,41.459304,14.569634,515.5,143
09:31:13,41.459276,14.569711,515.6,144
09:31:14,41.459252,14.569789,515.6,144
09:31:15,41.459227,14.569865,515.7,144
09:31:16,41.459199,14.569939,515.8,144
09:31:17,41.459173,14.570012,515.8,144
09:31:18,41.459151,14.57008,515.9,144
09:31:19,41.459128,14.570147,515.9,144
09:31:20,41.459101,14.570219,516.0,144
09:31:21,41.459073,14.5703,516.0,144
09:31:22,41.459049,14.570382,516.1,144
09:31:23,41.459026,14.570457,516.2,144
09:31:24,41.459,14.570536,516.3,144
09:31:25,41.458975,14.570612,516.4,144
09:31:26,41.458949,14.570687,516.4,143
09:31:27,41.458925,14.570761,516.5,143
09:31:28,41.458897,14.570838,516.6,144
09:31:29,41.458872,14.570909,516.7,144
09:31:30,41.458847,14.57098,516.7,145
09:31:31,41.458824,14.571049,516.8,145
09:31:32,41.458797,14.571124,516.9,147
09:31:33,41.458774,14.571198,517.1,147
09:31:34,41.458749,14.571272,517.2,147
09:31:35,41.458726,14.571342,517.3,147
09:31:36,41.458701,14.571413,517.4,147
09:31:37,41.458676,14.571486,517.5,147
09:31:38,41.458651,14.571559,517.6,147
09:31:39,41.458623,14.571638,517.7,147
09:31:40,41.458595,14.571716,517.8,147
09:31:41,41.458568,14.57179,517.9,146
09:31:42,41.458544,14.57186,518.0,146
09:31:43,41.458517,14.571932,518.0,146
09:31:44,41.45849,14.57201,518.1,146
09:31:45,41.458465,14.572087,518.2,146
09:31:46,41.458436,14.572163,518.3,146
09:31:47,41.458409,14.572241,518.4,146
09:31:48,41.458383,14.572317,518.4,146
09:31:49,41.458361,14.572391,518.5,145
09:31:50,41.45833,14.572473,518.6,145
09:31:51,41.458303,14.572548,518.7,144
09:31:52,41.458278,14.572625,518.8,144
09:31:53,41.458251,14.572704,518.9,144
09:31:54,41.458224,14.572786,519.0,146
09:31:55,41.458197,14.572862,519.1,146
09:31:56,41.458165,14.572944,519.1,145
09:31:57,41.458141,14.57302,519.2,145
09:31:58,41.458118,14.573095,519.3,147
09:31:59,41.458098,14.573165,519.4,147
09:32:00,41.458077,14.573238,519.4,148
09:32:01,41.458054,14.573312,519.5,148
09:32:02,41.458029,14.573389,519.6,148
09:32:03,41.458006,14.573461,519.7,148
09:32:04,41.457985,14.573528,519.8,149
09:32:05,41.457967,14.573591,519.8,149
09:32:06,41.457945,14.57366,519.9,149
09:32:07,41.457926,14.573723,519.9,149
09:32:08,41.457898,14.573795,520.0,150
09:32:09,41.457869,14.573866,520.1,150
09:32:10,41.457848,14.57393,520.2,151
09:32:11,41.457825,14.573993,520.3,151
09:32:12,41.4578,14.574059,520.4,151
09:32:13,41.457773,14.57413,520.4,151
09:32:14,41.457751,14.574194,520.5,151
09:32:15,41.457725,14.574263,520.6,151
09:32:16,41.457698,14.574331,520.6,151
09:32:17,41.457677,14.574394,520.7,149
09:32:18,41.457652,14.574456,520.8,149
09:32:19,41.457631,14.574527,520.9,149
09:32:20,41.457611,14.574591,520.9,149
09:32:21,41.457583,14.574661,521.0,148
09:32:22,41.457561,14.57473,521.1,148
09:32:23,41.457544,14.5748,521.2,150
09:32:24,41.457521,14.574873,521.3,150
09:32:25,41.457496,14.574947,521.4,151
09:32:26,41.457463,14.575016,521.4,151
09:32:27,41.457435,14.575091,521.5,151
09:32:28,41.457405,14.575158,521.6,151
09:32:29,41.457377,14.575228,521.7,151
09:32:30,41.457352,14.575307,521.8,151
09:32:31,41.457325,14.575382,521.8,151
09:32:32,41.457305,14.57545,521.9,151
09:32:33,41.457278,14.575528,522.0,151
09:32:34,41.457253,14.575601,522.1,150
09:32:35,41.457228,14.575676,522.3,150
09:32:36,41.457194,14.575752,522.4,150
09:32:37,41.457169,14.575822,522.5,150
09:32:38,41.457139,14.575893,522.7,150
09:32:39,41.457108,14.57597,522.8,150
09:32:40,41.457086,14.576038,522.9,151
09:32:41,41.457063,14.576101,523.0,151
09:32:42,41.457035,14.576173,523.1,151
09:32:43,41.457008,14.576251,523.3,151
09:32:44,41.456988,14.57632,523.4,151
09:32:45,41.456955,14.576399,523.5,151
09:32:46,41.456928,14.576471,523.6,151
09:32:47,41.456904,14.576539,523.8,151
09:32:48,41.45688,14.576627,523.9,151
09:32:49,41.456854,14.576698,524.0,152
09:32:50,41.45684,14.57678,524.2,152
09:32:51,41.456819,14.576857,524.3,152
09:32:52,41.456797,14.57693,524.4,152
09:32:53,41.456775,14.576995,524.6,152
09:32:54,41.456755,14.577066,524.7,152
09:32:55,41.456735,14.577134,524.9,152
09:32:56,41.456714,14.577205,525.0,152
09:32:57,41.456693,14.577272,525.1,152
09:32:58,41.45667,14.577332,525.3,151
09:32:59,41.456654,14.577391,525.4,151
09:33:00,41.456637,14.577459,525.6,152
09:33:01,41.456616,14.577527,525.8,152
09:33:02,41.456606,14.577592,525.9,152
09:33:03,41.456595,14.577663,526.1,152
09:33:04,41.456575,14.577724,526.3,152
09:33:05,41.456564,14.577775,526.4,152
09:33:06,41.456539,14.577844,526.6,152
09:33:07,41.456522,14.577907,526.7,152
09:33:08,41.45651,14.57796,526.9,153
09:33:09,41.45649,14.578018,527.0,153
09:33:10,41.456465,14.578083,527.2,154
09:33:11,41.456443,14.578138,527.3,154
09:33:12,41.456416,14.578204,527.5,154
09:33:13,41.456393,14.578263,527.7,154
09:33:14,41.456369,14.578316,527.8,154
09:33:15,41.456349,14.578369,528.0,154
09:33:16,41.456326,14.578426,528.1,154
09:33:17,41.456308,14.578471,528.3,153
09:33:18,41.456282,14.578533,528.4,153
09:33:19,41.456263,14.578588,528.6,153
09:33:20,41.456246,14.578639,528.7,153
09:33:21,41.45623,14.578696,528.8,153
09:33:22,41.456217,14.578747,528.9,153
09:33:23,41.456206,14.578786,529.0,154
09:33:24,41.456191,14.57885,529.2,154
09:33:25,41.456167,14.578909,529.3,154
09:33:26,41.456141,14.578967,529.4,154
09:33:27,41.456117,14.57902,529.6,154
09:33:28,41.456089,14.579088,529.7,154
09:33:29,41.456064,14.579147,529.9,154
09:33:30,41.456041,14.579212,530.0,154
09:33:31,41.456016,14.579277,530.2,154
09:33:32,41.455997,14.579339,530.4,155
09:33:33,41.455979,14.579404,530.6,155
09:33:34,41.455958,14.579466,530.8,155
09:33:35,41.455942,14.579522,530.9,155
09:33:36,41.455921,14.579589,531.1,156
09:33:37,41.455897,14.579649,531.2,156
09:33:38,41.455876,14.579702,531.4,156
09:33:39,41.455855,14.579758,531.6,156
09:33:40,41.455833,14.579817,531.8,156
09:33:41,41.455815,14.579873,532.0,156
09:33:42,41.455797,14.579929,532.2,156
09:33:43,41.455771,14.579992,532.5,157
09:33:44,41.455747,14.580051,532.7,157
09:33:45,41.455727,14.580109,532.9,157
09:33:46,41.455704,14.580168,533.2,157
09:33:47,41.455689,14.580221,533.4,157
09:33:48,41.455659,14.580278,533.6,157
09:33:49,41.455631,14.580338,533.8,158
09:33:50,41.45561,14.580391,534.0,158
09:33:51,41.455589,14.580446,534.3,158
09:33:52,41.455565,14.580501,534.5,158
09:33:53,41.455549,14.580544,534.6,159
09:33:54,41.455526,14.580596,534.9,159
09:33:55,41.4555,14.580644,535.1,160
09:33:56,41.455474,14.580693,535.3,160
09:33:57,41.455448,14.580743,535.5,160
09:33:58,41.455419,14.580792,535.8,161
09:33:59,41.455395,14.580839,536.0,161
09:34:00,41.455361,14.580888,536.2,162
09:34:01,41.45533,14.580937,536.5,162
09:34:02,41.4553,14.580982,536.8,162
09:34:03,41.455269,14.581024,537.0,162
09:34:04,41.455239,14.581066,537.2,162
09:34:05,41.455213,14.581105,537.4,162
09:34:06,41.455177,14.581146,537.7,162
09:34:07,41.455152,14.581186,537.9,162
09:34:08,41.45513,14.581225,538.0,163
09:34:09,41.455098,14.581269,538.3,163
09:34:10,41.455077,14.581313,538.5,163
09:34:11,41.455054,14.581356,538.7,163
09:34:12,41.455022,14.581399,538.9,163
09:34:13,41.454995,14.58144,539.1,163
09:34:14,41.454977,14.581478,539.3,163
09:34:15,41.454956,14.581518,539.4,163
09:34:16,41.454932,14.581558,539.6,163
09:34:17,41.454913,14.581601,539.8,163
09:34:18,41.45489,14.581633,540.0,163
09:34:19,41.454873,14.581667,540.1,164
09:34:20,41.454852,14.581702,540.3,164
09:34:21,41.45483,14.58174,540.5,164
09:34:22,41.454807,14.581779,540.7,164
09:34:23,41.454791,14.581812,540.8,164
09:34:24,41.454769,14.581849,541.0,164
09:34:25,41.454752,14.581879,541.2,164
09:34:26,41.454735,14.58191,541.4,164
09:34:27,41.454708,14.581947,541.6,163
09:34:28,41.454697,14.581962,541.7,163
09:34:29,41.454679,14.582001,541.9,163
09:34:30,41.454652,14.582048,542.1,163
09:34:31,41.454628,14.582084,542.3,163
09:34:32,41.454604,14.582125,542.5,163
09:34:33,41.454584,14.582161,542.7,163
09:34:34,41.454556,14.582194,542.9,163
09:34:35,41.454537,14.582231,543.1,163
09:34:36,41.454513,14.582272,543.3,163
09:34:37,41.454487,14.58231,543.6,163
09:34:38,41.454461,14.58234,543.8,162
09:34:39,41.454436,14.582385,544.0,162
09:34:40,41.454411,14.582425,544.3,162
09:34:41,41.454391,14.582461,544.5,162
09:34:42,41.454372,14.582504,544.7,162
09:34:43,41.454348,14.582544,544.9,162
09:34:44,41.454324,14.582582,545.1,162
09:34:45,41.4543,14.582616,545.3,164
09:34:46,41.454277,14.582647,545.4,164
09:34:47,41.45426,14.582684,545.6,164
09:34:48,41.454233,14.582729,545.8,164
09:34:49,41.454209,14.582769,546.1,164
09:34:50,41.454188,14.582818,546.3,164
09:34:51,41.454164,14.582861,546.6,165
09:34:52,41.454135,14.582905,546.8,165
09:34:53,41.454105,14.582946,547.1,165
09:34:54,41.45408,14.582995,547.3,165
09:34:55,41.454053,14.583034,547.5,165
09:34:56,41.454026,14.583076,547.8,165
09:34:57,41.454,14.583118,548.0,165
09:34:58,41.453974,14.58316,548.2,165
09:34:59,41.453952,14.583194,548.4,165
09:35:00,41.453923,14.583232,548.6,165
09:35:01,41.453896,14.58327,548.9,165
09:35:02,41.453867,14.583308,549.1,165
09:35:03,41.453839,14.583355,549.4,165
09:35:04,41.453814,14.583393,549.7,164
09:35:05,41.453793,14.58343,549.9,164
09:35:06,41.453765,14.583469,550.1,163
09:35:07,41.45374,14.583501,550.3,163
09:35:08,41.453718,14.583539,550.5,163
09:35:09,41.453695,14.583581,550.8,163
09:35:10,41.453676,14.583618,551.0,164
09:35:11,41.453654,14.583655,551.2,164
09:35:12,41.453631,14.583695,551.4,165
09:35:13,41.453608,14.583738,551.6,165
09:35:14,41.453586,14.583778,551.8,165
09:35:15,41.453563,14.583821,552.0,165
09:35:16,41.453542,14.583863,552.3,165
09:35:17,41.453521,14.583901,552.5,165
09:35:18,41.453498,14.583942,552.7,165
09:35:19,41.453477,14.583982,552.9,165
09:35:20,41.45346,14.58402,553.1,165
09:35:21,41.453442,14.584063,553.4,165
09:35:22,41.45342,14.584101,553.6,165
09:35:23,41.453395,14.584138,553.8,165
09:35:24,41.453368,14.584182,554.1,165
09:35:25,41.453345,14.584219,554.3,165
09:35:26,41.453325,14.584258,554.5,165
09:35:27,41.453309,14.584296,554.7,166
09:35:28,41.453284,14.584336,554.9,166
09:35:29,41.453264,14.584365,555.0,166
09:35:30,41.453236,14.584402,555.3,166
09:35:31,41.453212,14.584442,555.5,166
09:35:32,41.453189,14.584482,555.7,166
09:35:33,41.45317,14.584526,555.8,166
09:35:34,41.453151,14.584565,556.0,167
09:35:35,41.453129,14.584598,556.2,167
09:35:36,41.453103,14.584639,556.3,167
09:35:37,41.453074,14.584693,556.5,167
09:35:38,41.453056,14.584747,556.6,167
09:35:39,41.45304,14.584796,556.6,167
09:35:40,41.453017,14.584847,556.7,167
09:35:41,41.453001,14.584889,556.8,167
09:35:42,41.45298,14.584937,556.8,166
09:35:43,41.452953,14.584984,556.8,166
09:35:44,41.452931,14.58503,556.8,166
09:35:45,41.452909,14.585077,556.8,166
09:35:46,41.45289,14.585128,556.8,166
09:35:47,41.452868,14.585184,556.8,165
09:35:48,41.452836,14.585244,556.8,165
09:35:49,41.452807,14.5853,556.8,165
09:35:50,41.452783,14.585353,556.8,165
09:35:51,41.452754,14.585411,556.7,164
09:35:52,41.452725,14.585467,556.7,164
09:35:53,41.452692,14.58553,556.6,164
09:35:54,41.452653,14.585603,556.6,164
09:35:55,41.452619,14.585664,556.5,164
09:35:56,41.452586,14.58573,556.5,164
09:35:57,41.452558,14.585796,556.4,163
09:35:58,41.452523,14.585863,556.3,163
09:35:59,41.452487,14.585931,556.2,162
09:36:00,41.45245,14.586008,556.0,162
09:36:01,41.452419,14.586073,555.9,162
09:36:02,41.452384,14.586141,555.7,160
09:36:03,41.452349,14.58621,555.6,160
09:36:04,41.452315,14.586283,555.5,157
09:36:05,41.452292,14.586355,555.4,157
09:36:06,41.452254,14.586429,555.2,156
09:36:07,41.452216,14.58651,555.1,156
09:36:08,41.452182,14.586591,555.0,153
09:36:09,41.452152,14.586661,554.8,153
09:36:10,41.452127,14.586726,554.6,154
09:36:11,41.452103,14.586804,554.4,154
09:36:12,41.452077,14.586882,554.2,156
09:36:13,41.452042,14.586962,554.0,156
09:36:14,41.452,14.587052,553.8,155
09:36:15,41.451958,14.587135,553.6,154
09:36:16,41.451916,14.587217,553.4,154
09:36:17,41.451876,14.587303,553.3,153
09:36:18,41.451831,14.587401,553.0,153
09:36:19,41.451797,14.587488,552.9,151
09:36:20,41.451765,14.587572,552.7,151
09:36:21,41.451721,14.58766,552.5,150
09:36:22,41.451684,14.587749,552.3,150
09:36:23,41.451646,14.587838,552.1,147
09:36:24,41.451602,14.587932,551.9,147
09:36:25,41.451562,14.588023,551.8,144
09:36:26,41.451518,14.588114,551.6,144
09:36:27,41.451475,14.588202,551.4,142
09:36:28,41.451431,14.588291,551.3,142
09:36:29,41.451392,14.58838,551.1,142
09:36:30,41.451346,14.588472,551.0,142
09:36:31,41.4513,14.588564,550.8,142
09:36:32,41.451254,14.58865,550.6,142
09:36:33,41.451207,14.588742,550.4,142
09:36:34,41.451156,14.588847,550.2,141
09:36:35,41.451105,14.588951,549.9,141
09:36:36,41.451056,14.589043,549.7,140
09:36:37,41.451008,14.589136,549.5,140
09:36:38,41.450963,14.589225,549.3,139
09:36:39,41.45092,14.589311,549.1,139
09:36:40,41.450879,14.589396,548.9,139
09:36:41,41.450833,14.589493,548.7,139
09:36:42,41.450792,14.58959,548.5,138
09:36:43,41.450744,14.589693,548.3,138
09:36:44,41.450696,14.589779,548.1,137
09:36:45,41.450648,14.589875,547.9,137
09:36:46,41.4506,14.589977,547.7,136
09:36:47,41.450548,14.59008,547.5,135
09:36:48,41.450495,14.590189,547.3,135
09:36:49,41.450444,14.5903,547.1,134
09:36:50,41.45039,14.590408,547.0,134
09:36:51,41.450338,14.590513,546.8,135
09:36:52,41.450293,14.590616,546.5,135
09:36:53,41.450244,14.590724,546.3,135
09:36:54,41.450196,14.590838,546.0,135
09:36:55,41.450145,14.590945,545.8,134
09:36:56,41.450097,14.59105,545.5,134
09:36:57,41.450042,14.591161,545.3,133
09:36:58,41.449986,14.591278,545.0,133
09:36:59,41.449928,14.591396,544.8,133
09:37:00,41.449873,14.591512,544.5,133
09:37:01,41.449819,14.591627,544.3,134
09:37:02,41.449769,14.591733,544.1,135
09:37:03,41.449722,14.591838,543.9,135
09:37:04,41.44967,14.591949,543.7,134
09:37:05,41.449614,14.592066,543.4,134
09:37:06,41.449561,14.592183,543.2,134
09:37:07,41.449507,14.592296,543.0,134
09:37:08,41.449453,14.592409,542.8,132
09:37:09,41.449396,14.592523,542.6,132
09:37:10,41.449341,14.592632,542.4,133
09:37:11,41.44928,14.592751,542.2,133
09:37:12,41.449222,14.592866,542.0,133
09:37:13,41.449169,14.592983,541.9,133
09:37:14,41.44912,14.593097,541.8,134
09:37:15,41.449069,14.593207,541.7,134
09:37:16,41.449021,14.593306,541.6,135
09:37:17,41.448963,14.59342,541.5,135
09:37:18,41.448907,14.593533,541.4,135
09:37:19,41.448853,14.593644,541.3,136
09:37:20,41.448797,14.593751,541.2,136
09:37:21,41.448743,14.59386,541.1,136
09:37:22,41.448694,14.593966,541.0,136
09:37:23,41.448642,14.594085,540.9,137
09:37:24,41.44859,14.5942,540.8,137
09:37:25,41.448537,14.594305,540.7,137
09:37:26,41.44849,14.594421,540.6,137
09:37:27,41.448447,14.594525,540.4,138
09:37:28,41.448405,14.59463,540.3,138
09:37:29,41.448359,14.594737,540.2,138
09:37:30,41.448314,14.59484,540.2,138
09:37:31,41.448273,14.594938,540.1,139
09:37:32,41.44823,14.595038,540.0,139
09:37:33,41.448193,14.595139,539.9,139
09:37:34,41.448152,14.595241,539.7,139
09:37:35,41.448097,14.595341,539.6,139
09:37:36,41.448048,14.595444,539.5,139
09:37:37,41.44801,14.595541,539.4,139
09:37:38,41.447961,14.595633,539.2,139
09:37:39,41.447917,14.595733,539.1,139
09:37:40,41.447869,14.595824,539.0,139
09:37:41,41.447815,14.595915,538.9,139
09:37:42,41.447769,14.596014,538.8,138
09:37:43,41.447721,14.596111,538.8,138
09:37:44,41.447678,14.596196,538.7,137
09:37:45,41.447629,14.596288,538.6,137
09:37:46,41.44758,14.596382,538.6,136
09:37:47,41.447532,14.596479,538.6,136
09:37:48,41.447485,14.596572,538.5,136
09:37:49,41.447434,14.596664,538.4,136
09:37:50,41.447389,14.596759,538.4,136
09:37:51,41.447343,14.596856,538.3,136
09:37:52,41.447299,14.596943,538.2,136
09:37:53,41.447256,14.597038,538.2,136
09:37:54,41.447211,14.597136,538.2,136
09:37:55,41.447171,14.59723,538.2,135
09:37:56,41.447129,14.597319,538.2,135
09:37:57,41.447083,14.597415,538.2,135
09:37:58,41.447041,14.59751,538.2,135
09:37:59,41.446998,14.597604,538.3,135
09:38:00,41.446957,14.597698,538.3,135
09:38:01,41.446917,14.597787,538.3,136
09:38:02,41.446876,14.597873,538.3,136
09:38:03,41.446831,14.597962,538.3,136
09:38:04,41.44679,14.598049,538.4,136
09:38:05,41.446745,14.59814,538.4,136
09:38:06,41.446699,14.598231,538.4,137
09:38:07,41.446661,14.598321,538.5,137
09:38:08,41.446616,14.598416,538.5,137
09:38:09,41.446575,14.598506,538.5,137
09:38:10,41.446535,14.59859,538.5,138
09:38:11,41.446494,14.598679,538.5,138
09:38:12,41.446455,14.598774,538.6,138
09:38:13,41.446409,14.598867,538.6,138
09:38:14,41.446361,14.598955,538.7,138
09:38:15,41.446314,14.59904,538.7,138
09:38:16,41.446271,14.599112,538.8,138
09:38:17,41.446236,14.599201,538.8,138
09:38:18,41.446195,14.599279,538.8,140
09:38:19,41.446155,14.599362,538.9,140
09:38:20,41.446108,14.599457,538.9,140
09:38:21,41.446064,14.599545,538.9,141
09:38:22,41.446024,14.599633,538.9,141
09:38:23,41.445985,14.599723,538.9,142
09:38:24,41.445943,14.599809,538.9,142
09:38:25,41.445898,14.599904,538.9,143
09:38:26,41.445861,14.599994,538.8,143
09:38:27,41.445821,14.600081,538.8,144
09:38:28,41.445787,14.600164,538.8,144
09:38:29,41.445747,14.600244,538.8,145
09:38:30,41.445713,14.600325,538.8,145
09:38:31,41.445672,14.600412,538.8,145
09:38:32,41.445634,14.6005,538.8,145
09:38:33,41.445599,14.600581,538.8,147
09:38:34,41.445564,14.60066,538.8,149
09:38:35,41.445523,14.600745,538.8,149
09:38:36,41.445484,14.600828,538.8,150
09:38:37,41.445447,14.60091,538.7,150
09:38:38,41.44541,14.600989,538.7,150
09:38:39,41.445376,14.601072,538.7,150
09:38:40,41.445337,14.601152,538.7,151
09:38:41,41.445297,14.601231,538.7,151
09:38:42,41.445252,14.601314,538.6,151
09:38:43,41.445215,14.601403,538.6,151
09:38:44,41.445176,14.601486,538.5,150
09:38:45,41.445137,14.601566,538.5,150
09:38:46,41.4451,14.601646,538.5,150
09:38:47,41.445058,14.601723,538.5,150
09:38:48,41.445018,14.601795,538.5,150
09:38:49,41.444979,14.601868,538.5,150
09:38:50,41.444938,14.601946,538.6,150
09:38:51,41.444896,14.602019,538.6,152
09:38:52,41.444859,14.602087,538.6,152
09:38:53,41.44482,14.602166,538.6,153
09:38:54,41.444782,14.602241,538.7,153
09:38:55,41.444742,14.602322,538.7,152
09:38:56,41.444699,14.602407,538.7,152
09:38:57,41.44466,14.60249,538.8,152
09:38:58,41.444623,14.602571,538.8,152
09:38:59,41.444587,14.602649,538.9,152
09:39:00,41.444551,14.602725,538.9,152
09:39:01,41.444509,14.602814,539.0,152
09:39:02,41.444466,14.602903,539.0,152
09:39:03,41.444427,14.602991,539.1,151
09:39:04,41.444386,14.603075,539.2,151
09:39:05,41.444348,14.603163,539.2,151
09:39:06,41.444313,14.60325,539.3,151
09:39:07,41.444272,14.603342,539.3,151
09:39:08,41.444234,14.603433,539.3,151
09:39:09,41.444199,14.603516,539.4,151
09:39:10,41.444161,14.603599,539.4,151
09:39:11,41.444118,14.603676,539.4,151
09:39:12,41.444083,14.603733,539.4,150
09:39:13,41.444053,14.603781,539.4,150
09:39:14,41.444026,14.603814,539.4,148
09:39:15,41.443999,14.60383,539.4,148
09:39:16,41.443969,14.603859,539.4,148
09:39:17,41.443959,14.603874,539.4,148
09:39:18,41.44395,14.603906,539.4,148
09:39:19,41.443948,14.603909,539.4,148
09:39:20,41.443949,14.603907,539.4,148
09:39:21,41.443949,14.603907,539.4,148
09:39:22,41.443949,14.603906,539.4,148
09:39:23,41.443949,14.603906,539.4,147
09:39:24,41.443949,14.603906,539.4,147
09:39:25,41.44395,14.603906,539.4,146
09:39:26,41.443949,14.603906,539.4,146
09:39:27,41.443949,14.603906,539.4,144
09:39:28,41.443949,14.603906,539.4,144
09:39:29,41.443949,14.603906,539.4,142
09:39:30,41.443949,14.603906,539.4,142
09:39:31,41.443949,14.603906,539.4,141
09:39:32,41.443949,14.603906,539.4,141
09:39:33,41.443949,14.603906,539.4,140
09:39:34,41.443949,14.603906,539.4,140
09:39:35,41.443943,14.603915,539.4,140
09:39:36,41.443942,14.603916,539.4,139
09:39:37,41.443942,14.603916,539.4,139
09:39:38,41.443942,14.603916,539.4,139
09:39:39,41.443942,14.603916,539.4,139
09:39:40,41.443935,14.603926,539.4,138
09:39:41,41.443933,14.603929,539.4,138
09:39:42,41.443933,14.603928,539.4,138
09:39:43,41.443933,14.603928,539.4,138
09:39:44,41.443933,14.603929,539.4,138
09:39:45,41.443933,14.603929,539.4,138
09:39:46,41.443933,14.603929,539.4,138
09:39:47,41.443933,14.603928,539.4,138
09:39:48,41.443933,14.603929,539.4,138
09:39:49,41.443933,14.603928,539.4,138
09:39:50,41.443926,14.603939,539.4,137
09:39:51,41.443918,14.60395,539.4,137
09:39:52,41.443916,14.603952,539.4,137
09:39:53,41.443917,14.603951,539.4,136
09:39:54,41.443917,14.603951,539.4,136
09:39:55,41.443917,14.603951,539.4,136
09:39:56,41.443917,14.603951,539.4,136
09:39:57,41.443901,14.603973,539.4,135
09:39:58,41.443887,14.603992,539.4,135
09:39:59,41.443877,14.604003,539.4,133
09:40:00,41.44386,14.604033,539.4,133
09:40:01,41.443851,14.604042,539.4,136
09:40:02,41.443832,14.604083,539.4,136
09:40:03,41.443811,14.604129,539.4,134
09:40:04,41.443787,14.604165,539.4,134
09:40:05,41.443761,14.604207,539.4,135
09:40:06,41.443732,14.604256,539.3,135
09:40:07,41.4437,14.604311,539.3,135
09:40:08,41.443668,14.604369,539.3,136
09:40:09,41.443635,14.604431,539.2,136
09:40:10,41.443603,14.604487,539.2,137
09:40:11,41.443565,14.604552,539.2,137
09:40:12,41.44353,14.604623,539.2,138
09:40:13,41.443489,14.604697,539.1,138
09:40:14,41.443451,14.60478,539.1,138
09:40:15,41.443416,14.604855,539.0,138
09:40:16,41.443378,14.604929,539.0,139
09:40:17,41.443336,14.605007,538.9,139
09:40:18,41.443295,14.605085,538.8,139
09:40:19,41.443252,14.605171,538.8,139
09:40:20,41.443205,14.605264,538.7,139
09:40:21,41.443159,14.605355,538.7,139
09:40:22,41.443117,14.605433,538.6,139
09:40:23,41.443075,14.605517,538.5,140
09:40:24,41.443029,14.605608,538.5,140
09:40:25,41.442982,14.605701,538.4,140
09:40:26,41.442932,14.605794,538.3,140
09:40:27,41.442881,14.605882,538.2,141
09:40:28,41.442829,14.605978,538.1,141
09:40:29,41.442774,14.606064,538.0,142
09:40:30,41.442726,14.606157,537.9,142
09:40:31,41.442678,14.606245,537.8,142
09:40:32,41.442629,14.606335,537.7,142
09:40:33,41.44258,14.606427,537.7,142
09:40:34,41.442531,14.606514,537.6,142
09:40:35,41.442484,14.606603,537.5,143
09:40:36,41.442438,14.606696,537.4,143
09:40:37,41.44239,14.606789,537.4,143
09:40:38,41.442341,14.606889,537.3,143
09:40:39,41.442292,14.606983,537.2,143
09:40:40,41.442244,14.607075,537.2,142
09:40:41,41.442196,14.60717,537.1,142
09:40:42,41.442148,14.607261,537.0,142
09:40:43,41.442103,14.607351,536.9,142
09:40:44,41.442059,14.607448,536.8,142
09:40:45,41.442017,14.607537,536.7,142
09:40:46,41.441972,14.607628,536.6,142
09:40:47,41.441928,14.607722,536.5,142
09:40:48,41.441886,14.607809,536.4,143
09:40:49,41.44184,14.607899,536.3,143
09:40:50,41.441791,14.607989,536.3,143
09:40:51,41.441747,14.608074,536.2,143
09:40:52,41.441703,14.608152,536.1,143
09:40:53,41.441655,14.608243,536.0,143
09:40:54,41.441606,14.608338,535.9,143
09:40:55,41.441554,14.608431,535.9,143
09:40:56,41.441502,14.608525,535.8,143
09:40:57,41.441455,14.608614,535.7,142
09:40:58,41.441405,14.608703,535.6,142
09:40:59,41.441354,14.608796,535.5,141
09:41:00,41.441305,14.608887,535.4,141
09:41:01,41.441256,14.608979,535.3,140
09:41:02,41.441206,14.609076,535.2,140
09:41:03,41.441161,14.609162,535.1,140
09:41:04,41.441114,14.609254,535.1,140
09:41:05,41.441067,14.609351,535.0,139
09:41:06,41.441016,14.609446,534.9,139
09:41:07,41.440964,14.609537,534.9,139
09:41:08,41.440912,14.609629,534.8,139
09:41:09,41.440861,14.609719,534.7,139
09:41:10,41.440812,14.609805,534.6,139
09:41:11,41.440763,14.609899,534.5,139
09:41:12,41.44071,14.60999,534.5,139
09:41:13,41.440657,14.61008,534.4,139
09:41:14,41.440604,14.610173,534.3,140
09:41:15,41.440553,14.610269,534.3,140
09:41:16,41.440502,14.610366,534.2,140
09:41:17,41.44045,14.610466,534.1,140
09:41:18,41.440401,14.610559,534.1,140
09:41:19,41.440351,14.610658,534.0,140
09:41:20,41.4403,14.610755,534.0,140
09:41:21,41.440252,14.610847,533.9,140
09:41:22,41.440203,14.610941,533.9,140
09:41:23,41.440152,14.611038,533.9,139
09:41:24,41.440101,14.611132,533.9,139
09:41:25,41.440054,14.611223,534.0,139
09:41:26,41.440005,14.611312,534.0,139
09:41:27,41.439957,14.611399,534.0,139
09:41:28,41.43991,14.611487,534.0,139
09:41:29,41.43986,14.611578,534.1,139
09:41:30,41.439815,14.611661,534.2,139
09:41:31,41.439765,14.611742,534.3,140
09:41:32,41.439716,14.611826,534.3,140
09:41:33,41.43967,14.611915,534.3,140
09:41:34,41.439619,14.612002,534.4,140
09:41:35,41.439579,14.612087,534.4,140
09:41:36,41.439533,14.612171,534.5,140
09:41:37,41.439495,14.612253,534.6,139
09:41:38,41.439452,14.612335,534.6,140
09:41:39,41.439413,14.612416,534.7,140
09:41:40,41.439376,14.612493,534.7,139
09:41:41,41.439343,14.612568,534.7,139
09:41:42,41.439305,14.612648,534.8,139
09:41:43,41.439268,14.612725,534.8,139
09:41:44,41.439233,14.612807,534.8,140
09:41:45,41.439199,14.612884,534.9,140
09:41:46,41.439163,14.612963,534.9,140
09:41:47,41.439126,14.613049,534.9,140
09:41:48,41.43909,14.613119,535.0,141
09:41:49,41.439051,14.613191,535.0,141
09:41:50,41.439004,14.613269,535.1,141
09:41:51,41.438967,14.613339,535.2,141
09:41:52,41.438926,14.61341,535.3,142
09:41:53,41.438886,14.613486,535.4,142
09:41:54,41.438846,14.61356,535.5,142
09:41:55,41.438806,14.613628,535.6,143
09:41:56,41.438763,14.613703,535.7,143
09:41:57,41.438725,14.613775,535.8,143
09:41:58,41.438685,14.613847,535.9,143
09:41:59,41.438645,14.613915,536.0,144
09:42:00,41.438608,14.613984,536.1,144
09:42:01,41.438571,14.614049,536.2,143
09:42:02,41.438532,14.614115,536.3,143
09:42:03,41.438497,14.614183,536.4,144
09:42:04,41.438464,14.614248,536.5,144
09:42:05,41.438425,14.614309,536.6,145
09:42:06,41.438389,14.614371,536.6,145
09:42:07,41.438355,14.614433,536.7,146
09:42:08,41.438316,14.614496,536.9,147
09:42:09,41.438281,14.614564,537.0,147
09:42:10,41.438242,14.614629,537.1,147
09:42:11,41.438205,14.614692,537.2,147
09:42:12,41.438171,14.61476,537.3,147
09:42:13,41.438138,14.614828,537.4,147
09:42:14,41.438109,14.614894,537.5,147
09:42:15,41.438073,14.614959,537.6,147
09:42:16,41.43804,14.615019,537.7,148
09:42:17,41.438006,14.615084,537.8,148
09:42:18,41.437968,14.61515,538.0,148
09:42:19,41.437932,14.615216,538.1,148
09:42:20,41.437896,14.615288,538.2,148
09:42:21,41.437859,14.615359,538.3,148
09:42:22,41.437822,14.615432,538.4,149
09:42:23,41.437786,14.615503,538.5,149
09:42:24,41.437747,14.615572,538.6,149
09:42:25,41.437712,14.615639,538.7,148
09:42:26,41.437677,14.615706,538.8,148
09:42:27,41.437644,14.615776,538.9,148
09:42:28,41.437606,14.615847,539.0,148
09:42:29,41.437571,14.615917,539.1,148
09:42:30,41.437532,14.615986,539.2,148
09:42:31,41.437496,14.616057,539.3,150
09:42:32,41.437461,14.616126,539.4,150
09:42:33,41.437428,14.616194,539.5,149
09:42:34,41.437391,14.616265,539.6,149
09:42:35,41.437353,14.616335,539.7,150
09:42:36,41.437319,14.616403,539.8,150
09:42:37,41.437286,14.616476,539.9,150
09:42:38,41.437249,14.616542,540.0,150
09:42:39,41.437218,14.616609,540.1,150
09:42:40,41.437183,14.616679,540.2,151
09:42:41,41.437147,14.616745,540.3,151
09:42:42,41.43711,14.616812,540.4,151
09:42:43,41.437074,14.616883,540.5,151
09:42:44,41.437037,14.616955,540.5,151
09:42:45,41.437007,14.617028,540.6,151
09:42:46,41.436976,14.617096,540.7,151
09:42:47,41.436946,14.617161,540.8,151
09:42:48,41.436916,14.617226,540.9,152
09:42:49,41.436883,14.617296,541.0,152
09:42:50,41.436851,14.617362,541.1,152
09:42:51,41.436816,14.617424,541.1,152
09:42:52,41.436778,14.617493,541.2,153
09:42:53,41.436744,14.61756,541.3,153
09:42:54,41.436714,14.617617,541.4,153
09:42:55,41.436682,14.617675,541.4,153
09:42:56,41.436649,14.617738,541.5,153
09:42:57,41.436617,14.6178,541.6,153
09:42:58,41.43658,14.617864,541.7,153
09:42:59,41.436545,14.61793,541.8,154
09:43:00,41.436509,14.617993,541.9,154
09:43:01,41.436473,14.618059,542.0,154
09:43:02,41.436438,14.618126,542.1,154
09:43:03,41.436404,14.618187,542.1,153
09:43:04,41.436371,14.618259,542.2,153
09:43:05,41.436335,14.618325,542.3,153
09:43:06,41.436298,14.618391,542.4,153
09:43:07,41.436264,14.61846,542.5,153
09:43:08,41.436228,14.618529,542.6,153
09:43:09,41.436192,14.618594,542.7,153
09:43:10,41.436157,14.618656,542.8,154
09:43:11,41.436122,14.618718,542.9,154
09:43:12,41.436084,14.618784,543.0,154
09:43:13,41.43605,14.618847,543.1,154
09:43:14,41.436014,14.61891,543.2,153
09:43:15,41.43598,14.618972,543.3,153
09:43:16,41.435949,14.619031,543.4,153
09:43:17,41.435915,14.619091,543.5,153
09:43:18,41.435883,14.619154,543.6,153
09:43:19,41.435843,14.619216,543.7,153
09:43:20,41.4358,14.619272,543.8,152
09:43:21,41.435758,14.61933,544.0,152
09:43:22,41.435719,14.619389,544.1,152
09:43:23,41.435686,14.619449,544.2,152
09:43:24,41.43565,14.619509,544.4,152
09:43:25,41.435615,14.619575,544.5,153
09:43:26,41.435579,14.619641,544.6,153
09:43:27,41.435543,14.619712,544.7,153
09:43:28,41.435516,14.619778,544.8,153
09:43:29,41.435485,14.619847,544.9,153
09:43:30,41.435463,14.619921,545.0,153
09:43:31,41.43543,14.619988,545.1,154
09:43:32,41.435397,14.62005,545.3,154
09:43:33,41.435366,14.62011,545.4,154
09:43:34,41.435337,14.620169,545.5,154
09:43:35,41.435304,14.620231,545.6,153
09:43:36,41.435272,14.620292,545.7,153
09:43:37,41.435241,14.620353,545.9,153
09:43:38,41.435208,14.620419,546.1,153
09:43:39,41.435178,14.62048,546.2,152
09:43:40,41.435146,14.620543,546.3,152
09:43:41,41.435116,14.620609,546.5,152
09:43:42,41.435084,14.620674,546.6,152
09:43:43,41.435051,14.620736,546.8,152
09:43:44,41.435018,14.620796,546.9,153
09:43:45,41.434983,14.620856,547.1,153
09:43:46,41.434952,14.620915,547.2,153
09:43:47,41.434921,14.620974,547.3,153
09:43:48,41.434886,14.621034,547.5,152
09:43:49,41.434852,14.621098,547.6,152
09:43:50,41.434818,14.621158,547.8,151
09:43:51,41.434789,14.621211,547.9,151
09:43:52,41.434756,14.62127,548.1,150
09:43:53,41.434721,14.621333,548.2,150
09:43:54,41.434686,14.621388,548.4,150
09:43:55,41.43465,14.621443,548.6,148
09:43:56,41.434615,14.621502,548.8,148
09:43:57,41.434582,14.621563,548.9,147
09:43:58,41.434549,14.621624,549.1,147
09:43:59,41.43452,14.621681,549.3,146
09:44:00,41.434489,14.62174,549.4,146
09:44:01,41.434462,14.621804,549.6,147
09:44:02,41.434431,14.621861,549.7,147
09:44:03,41.4344,14.621913,549.8,149
09:44:04,41.434365,14.621963,550.0,149
09:44:05,41.434331,14.622017,550.1,152
09:44:06,41.4343,14.622072,550.2,152
09:44:07,41.434268,14.622124,550.4,154
09:44:08,41.434235,14.62218,550.5,154
09:44:09,41.434202,14.622236,550.6,155
09:44:10,41.43417,14.622292,550.8,155
09:44:11,41.434135,14.622349,550.9,155
09:44:12,41.4341,14.622407,551.0,156
09:44:13,41.434065,14.622462,551.2,156
09:44:14,41.434032,14.622521,551.3,157
09:44:15,41.433999,14.622583,551.4,157
09:44:16,41.433968,14.62264,551.6,157
09:44:17,41.433934,14.622692,551.7,157
09:44:18,41.433897,14.622745,551.8,158
09:44:19,41.433861,14.622802,552.0,158
09:44:20,41.433827,14.622861,552.1,159
09:44:21,41.433793,14.622921,552.2,159
09:44:22,41.433761,14.622982,552.3,159
09:44:23,41.433729,14.623039,552.4,159
09:44:24,41.4337,14.6231,552.5,159
09:44:25,41.433667,14.623162,552.6,159
09:44:26,41.43363,14.623224,552.7,159
09:44:27,41.433596,14.623287,552.8,159
09:44:28,41.433562,14.623342,552.9,159
09:44:29,41.433531,14.623397,553.0,159
09:44:30,41.433495,14.623459,553.1,159
09:44:31,41.433459,14.623524,553.2,159
09:44:32,41.43342,14.623589,553.4,159
09:44:33,41.433384,14.62365,553.4,159
09:44:34,41.433346,14.623715,553.5,159
09:44:35,41.433308,14.623783,553.6,158
09:44:36,41.433269,14.62385,553.7,158
09:44:37,41.43323,14.623917,553.8,158
09:44:38,41.433193,14.623982,553.9,158
09:44:39,41.433158,14.624046,554.0,158
09:44:40,41.43312,14.624111,554.1,158
09:44:41,41.433085,14.624177,554.2,157
09:44:42,41.43305,14.624242,554.3,157
09:44:43,41.433014,14.624307,554.4,157
09:44:44,41.432981,14.624366,554.5,157
09:44:45,41.432951,14.624427,554.6,157
09:44:46,41.432917,14.624489,554.7,157
09:44:47,41.432882,14.624552,554.8,157
09:44:48,41.432847,14.62461,554.9,156
09:44:49,41.432811,14.624672,555.0,156
09:44:50,41.432772,14.624733,555.1,156
09:44:51,41.432733,14.6248,555.2,156
09:44:52,41.432695,14.624863,555.3,155
09:44:53,41.432658,14.624932,555.3,155
09:44:54,41.432621,14.624997,555.4,155
09:44:55,41.432582,14.625062,555.5,155
09:44:56,41.432545,14.625129,555.5,155
09:44:57,41.432511,14.625199,555.6,155
09:44:58,41.432475,14.625265,555.7,155
09:44:59,41.432442,14.625334,555.8,155
09:45:00,41.43241,14.625404,555.9,155
09:45:01,41.432377,14.62547,556.0,155
09:45:02,41.432341,14.625537,556.1,155
09:45:03,41.432305,14.625602,556.1,155
09:45:04,41.432274,14.625664,556.2,155
09:45:05,41.432239,14.625729,556.3,155
09:45:06,41.432201,14.625794,556.4,155
09:45:07,41.432164,14.625858,556.5,155
09:45:08,41.432129,14.625922,556.6,155
09:45:09,41.432093,14.625987,556.7,155
09:45:10,41.432057,14.626047,556.8,155
09:45:11,41.432023,14.626109,556.9,152
09:45:12,41.431986,14.626168,557.0,153
09:45:13,41.431953,14.626225,557.1,153
09:45:14,41.431919,14.626286,557.2,154
09:45:15,41.431882,14.626341,557.3,154
09:45:16,41.431841,14.6264,557.4,156
09:45:17,41.431805,14.626463,557.5,156
09:45:18,41.431772,14.626528,557.6,156
09:45:19,41.431737,14.626591,557.7,156
09:45:20,41.431697,14.626658,557.8,156
09:45:21,41.431659,14.626726,557.9,156
09:45:22,41.431622,14.626792,558.0,156
09:45:23,41.431581,14.62686,558.1,156
09:45:24,41.431542,14.626927,558.3,155
09:45:25,41.431506,14.626993,558.4,155
09:45:26,41.431467,14.627058,558.5,156
09:45:27,41.43143,14.627125,558.6,156
09:45:28,41.431394,14.62719,558.6,156
09:45:29,41.431358,14.627257,558.8,156
09:45:30,41.43132,14.627321,558.9,156
09:45:31,41.431281,14.627385,559.0,156
09:45:32,41.431245,14.627449,559.0,156
09:45:33,41.431206,14.627515,559.0,156
09:45:34,41.431171,14.627581,559.1,156
09:45:35,41.431136,14.627645,559.1,157
09:45:36,41.431098,14.627713,559.1,157
09:45:37,41.431062,14.627782,559.1,157
09:45:38,41.431023,14.627851,559.0,157
09:45:39,41.430986,14.627922,559.0,157
09:45:40,41.430948,14.627995,559.0,157
09:45:41,41.430912,14.628068,558.9,157
09:45:42,41.430871,14.628143,558.9,157
09:45:43,41.43083,14.628217,558.8,157
09:45:44,41.430788,14.628294,558.8,157
09:45:45,41.430747,14.628369,558.7,157
09:45:46,41.430707,14.628445,558.7,156
09:45:47,41.430665,14.628521,558.6,156
09:45:48,41.430622,14.628595,558.6,156
09:45:49,41.430581,14.628669,558.5,156
09:45:50,41.43054,14.628746,558.5,156
09:45:51,41.4305,14.628823,558.4,156
09:45:52,41.430458,14.628901,558.3,156
09:45:53,41.430416,14.628978,558.3,156
09:45:54,41.430377,14.629059,558.3,155
09:45:55,41.430333,14.62914,558.2,155
09:45:56,41.430289,14.629222,558.2,154
09:45:57,41.430248,14.629302,558.2,154
09:45:58,41.430208,14.62938,558.2,152
09:45:59,41.430165,14.629456,558.2,151
09:46:00,41.430121,14.629533,558.2,151
09:46:01,41.430076,14.629611,558.2,148
09:46:02,41.430028,14.629691,558.2,148
09:46:03,41.429982,14.629773,558.2,153
09:46:04,41.429943,14.629852,558.1,153
09:46:05,41.429904,14.629934,558.1,152
09:46:06,41.429857,14.630016,558.0,152
09:46:07,41.429808,14.630096,557.9,152
09:46:08,41.42976,14.630171,557.9,152
09:46:09,41.429711,14.630251,557.8,151
09:46:10,41.429666,14.630336,557.7,151
09:46:11,41.429625,14.630415,557.6,150
09:46:12,41.42958,14.630499,557.5,150
09:46:13,41.429533,14.630577,557.5,150
09:46:14,41.429484,14.63065,557.4,150
09:46:15,41.429435,14.630722,557.4,150
09:46:16,41.429381,14.630798,557.4,150
09:46:17,41.42933,14.630872,557.4,150
09:46:18,41.42928,14.630944,557.3,150
09:46:19,41.429225,14.631018,557.3,150
09:46:20,41.429175,14.631091,557.2,149
09:46:21,41.42912,14.631162,557.2,149
09:46:22,41.429065,14.631236,557.1,148
09:46:23,41.429008,14.631309,557.1,148
09:46:24,41.428954,14.631377,557.0,148
09:46:25,41.428898,14.631439,557.0,148
09:46:26,41.428841,14.631493,556.9,147
09:46:27,41.428778,14.631554,556.8,147
09:46:28,41.428714,14.631621,556.7,146
09:46:29,41.428649,14.631681,556.7,146
09:46:30,41.428584,14.631743,556.6,146
09:46:31,41.428521,14.631806,556.6,146
09:46:32,41.42846,14.631871,556.5,146
09:46:33,41.428397,14.631937,556.5,146
09:46:34,41.428334,14.632,556.5,146
09:46:35,41.428269,14.632065,556.5,146
09:46:36,41.428203,14.632127,556.4,146
09:46:37,41.428138,14.632193,556.4,146
09:46:38,41.428071,14.632259,556.4,146
09:46:39,41.428005,14.632326,556.4,145
09:46:40,41.427939,14.63239,556.4,145
09:46:41,41.427869,14.632455,556.5,145
09:46:42,41.427801,14.632525,556.5,145
09:46:43,41.427733,14.632591,556.6,145
09:46:44,41.427669,14.632656,556.6,145
09:46:45,41.427606,14.632718,556.7,145
09:46:46,41.427544,14.632782,556.8,144
09:46:47,41.427479,14.632845,556.9,144
09:46:48,41.427417,14.632906,557.0,145
09:46:49,41.427358,14.632969,557.1,145
09:46:50,41.427296,14.633034,557.2,145
09:46:51,41.427236,14.633097,557.3,145
09:46:52,41.42718,14.63316,557.4,145
09:46:53,41.427127,14.633222,557.4,145
09:46:54,41.427071,14.633287,557.5,145
09:46:55,41.427014,14.633348,557.5,145
09:46:56,41.42696,14.633411,557.5,144
09:46:57,41.426907,14.633473,557.5,144
09:46:58,41.42685,14.633533,557.6,145
09:46:59,41.426793,14.633591,557.6,145
09:47:00,41.426737,14.633652,557.6,145
09:47:01,41.426678,14.633714,557.7,145
09:47:02,41.426622,14.633772,557.7,145
09:47:03,41.426567,14.633832,557.7,145
09:47:04,41.426515,14.633891,557.8,145
09:47:05,41.426454,14.633949,557.8,145
09:47:06,41.426395,14.634011,557.9,145
09:47:07,41.426335,14.634074,557.9,146
09:47:08,41.426278,14.634136,557.9,146
09:47:09,41.42622,14.6342,557.9,146
09:47:10,41.426158,14.634259,557.9,146
09:47:11,41.426094,14.634318,557.9,146
09:47:12,41.426032,14.634377,557.9,146
09:47:13,41.425967,14.634435,557.9,146
09:47:14,41.425904,14.634494,558.0,146
09:47:15,41.42584,14.634555,558.0,146
09:47:16,41.425779,14.634614,558.0,146
09:47:17,41.425719,14.634676,558.1,146
09:47:18,41.425659,14.634734,558.1,146
09:47:19,41.425597,14.63479,558.1,146
09:47:20,41.425536,14.634846,558.2,146
09:47:21,41.425476,14.634902,558.2,146
09:47:22,41.425417,14.634957,558.3,146
09:47:23,41.425353,14.635015,558.3,146
09:47:24,41.42529,14.635072,558.4,146
09:47:25,41.425228,14.635126,558.4,146
09:47:26,41.425166,14.635186,558.5,147
09:47:27,41.42511,14.635246,558.5,147
09:47:28,41.425049,14.635305,558.5,147
09:47:29,41.424985,14.635366,558.6,147
09:47:30,41.424925,14.635422,558.6,147
09:47:31,41.424865,14.635479,558.6,148
09:47:32,41.424805,14.635538,558.6,148
09:47:33,41.424747,14.635595,558.6,147
09:47:34,41.424681,14.635657,558.5,147
09:47:35,41.424616,14.635718,558.5,147
09:47:36,41.424555,14.635778,558.4,147
09:47:37,41.424489,14.635842,558.4,147
09:47:38,41.424425,14.635905,558.3,147
09:47:39,41.424359,14.635971,558.2,148
09:47:40,41.424293,14.636036,558.2,148
09:47:41,41.424225,14.636103,558.1,148
09:47:42,41.424158,14.636173,558.0,148
09:47:43,41.424091,14.636241,557.9,148
09:47:44,41.424024,14.636311,557.8,148
09:47:45,41.423956,14.636387,557.7,148
09:47:46,41.423891,14.63646,557.6,148
09:47:47,41.423822,14.636528,557.5,148
09:47:48,41.423748,14.636594,557.4,148
09:47:49,41.423673,14.636662,557.2,148
09:47:50,41.423597,14.636732,557.1,148
09:47:51,41.423523,14.636798,557.0,148
09:47:52,41.423448,14.636867,556.9,148
09:47:53,41.423375,14.636937,556.7,148
09:47:54,41.423299,14.637003,556.6,148
09:47:55,41.423219,14.637071,556.5,148
09:47:56,41.423141,14.637139,556.3,148
09:47:57,41.42306,14.637203,556.2,148
09:47:58,41.422979,14.637264,556.1,147
09:47:59,41.422895,14.637322,556.0,147
09:48:00,41.422811,14.637378,555.9,147
09:48:01,41.422724,14.637435,555.8,147
09:48:02,41.422636,14.637494,555.7,147
09:48:03,41.42255,14.63755,555.6,147
09:48:04,41.422462,14.637606,555.5,147
09:48:05,41.422375,14.637659,555.4,147
09:48:06,41.422289,14.637713,555.3,147
09:48:07,41.422203,14.637768,555.2,147
09:48:08,41.422119,14.637825,555.1,147
09:48:09,41.422033,14.637877,555.0,146
09:48:10,41.421945,14.63793,554.9,146
09:48:11,41.42186,14.637987,554.8,146
09:48:12,41.421779,14.638043,554.7,146
09:48:13,41.421697,14.638104,554.6,146
09:48:14,41.421615,14.638164,554.4,146
09:48:15,41.42153,14.638225,554.3,146
09:48:16,41.421446,14.638281,554.2,145
09:48:17,41.421365,14.63834,554.1,145
09:48:18,41.421284,14.638396,554.0,145
09:48:19,41.421199,14.638448,553.9,145
09:48:20,41.421113,14.638501,553.8,144
09:48:21,41.421026,14.638558,553.6,144
09:48:22,41.420942,14.638616,553.5,144
09:48:23,41.42086,14.638669,553.4,144
09:48:24,41.420772,14.638726,553.3,143
09:48:25,41.420685,14.638779,553.1,143
09:48:26,41.4206,14.638832,553.0,143
09:48:27,41.420517,14.638889,552.9,143
09:48:28,41.420429,14.638944,552.7,142
09:48:29,41.420343,14.638995,552.6,142
09:48:30,41.420256,14.639046,552.5,142
09:48:31,41.420174,14.639102,552.4,142
09:48:32,41.420088,14.639158,552.3,142
09:48:33,41.420005,14.639208,552.3,142
09:48:34,41.419925,14.639261,552.2,142
09:48:35,41.419845,14.639315,552.1,141
09:48:36,41.419759,14.639364,552.0,141
09:48:37,41.419671,14.639421,551.9,141
09:48:38,41.419589,14.639477,551.7,141
09:48:39,41.419508,14.639531,551.6,141
09:48:40,41.419429,14.639579,551.5,141
09:48:41,41.419354,14.639626,551.4,141
09:48:42,41.419275,14.639679,551.3,141
09:48:43,41.419199,14.639728,551.3,141
09:48:44,41.419124,14.639774,551.2,141
09:48:45,41.419048,14.639821,551.2,141
09:48:46,41.418973,14.639877,551.2,141
09:48:47,41.418894,14.639926,551.1,141
09:48:48,41.418815,14.639979,551.1,141
09:48:49,41.418736,14.640026,551.2,141
09:48:50,41.418657,14.640075,551.2,141
09:48:51,41.418578,14.640124,551.2,141
09:48:52,41.4185,14.640174,551.3,141
09:48:53,41.418423,14.64022,551.3,141
09:48:54,41.418346,14.640268,551.4,141
09:48:55,41.418273,14.640318,551.4,141
09:48:56,41.418194,14.640364,551.5,141
09:48:57,41.418124,14.640412,551.6,141
09:48:58,41.418054,14.640459,551.7,140
09:48:59,41.417982,14.640503,551.8,140
09:49:00,41.417909,14.640546,552.0,140
09:49:01,41.417838,14.640589,552.1,140
09:49:02,41.417768,14.640636,552.3,142
09:49:03,41.417701,14.640684,552.5,141
09:49:04,41.417636,14.640728,552.6,141
09:49:05,41.41757,14.640772,552.8,141
09:49:06,41.417507,14.640816,553.0,141
09:49:07,41.41744,14.64086,553.2,142
09:49:08,41.417375,14.640907,553.4,142
09:49:09,41.417314,14.64095,553.6,143
09:49:10,41.417255,14.640991,553.8,143
09:49:11,41.417195,14.641035,554.1,143
09:49:12,41.417136,14.641079,554.2,143
09:49:13,41.417079,14.641125,554.4,143
09:49:14,41.417022,14.641166,554.5,143
09:49:15,41.416966,14.641202,554.6,144
09:49:16,41.416906,14.641239,554.7,144
09:49:17,41.416848,14.641282,554.8,144
09:49:18,41.41679,14.641324,554.8,144
09:49:19,41.416731,14.641363,554.9,144
09:49:20,41.416671,14.6414,555.0,145
09:49:21,41.41661,14.641435,555.0,145
09:49:22,41.416549,14.641473,555.1,145
09:49:23,41.416487,14.641509,555.1,145
09:49:24,41.416425,14.641541,555.2,147
09:49:25,41.416361,14.641573,555.4,147
09:49:26,41.416298,14.641605,555.6,148
09:49:27,41.416235,14.641638,555.7,148
09:49:28,41.416172,14.641671,555.9,149
09:49:29,41.416112,14.641709,556.0,149
09:49:30,41.416052,14.641748,556.1,149
09:49:31,41.415993,14.641785,556.2,149
09:49:32,41.415934,14.641823,556.3,149
09:49:33,41.415874,14.641855,556.3,149
09:49:34,41.415816,14.641888,556.3,149
09:49:35,41.415757,14.641915,556.4,149
09:49:36,41.415698,14.641933,556.4,149
09:49:37,41.415636,14.641921,556.4,148
09:49:38,41.41558,14.641875,556.3,148
09:49:39,41.415542,14.641791,556.2,147
09:49:40,41.415536,14.641687,556.1,147
09:49:41,41.415556,14.641591,555.9,146
09:49:42,41.415593,14.641505,555.7,146
09:49:43,41.41564,14.641438,555.5,147
09:49:44,41.4157,14.641411,555.2,147
09:49:45,41.415758,14.64142,555.0,147
09:49:46,41.415804,14.641464,554.7,147
09:49:47,41.415838,14.641538,554.2,147
09:49:48,41.415854,14.641627,553.9,146
09:49:49,41.415846,14.641714,553.6,146
09:49:50,41.415826,14.641804,553.3,145
09:49:51,41.415823,14.641901,553.0,145
09:49:52,41.415818,14.641997,552.7,142
09:49:53,41.41581,14.642083,552.4,142
09:49:54,41.415806,14.642192,552.0,141
09:49:55,41.415798,14.642306,551.6,141
09:49:56,41.415785,14.642418,551.2,140
09:49:57,41.415773,14.642532,550.8,140
09:49:58,41.415761,14.64265,550.4,139
09:49:59,41.415751,14.64277,550.0,139
09:50:00,41.415742,14.642891,549.8,139
09:50:01,41.415736,14.643016,549.8,139
09:50:02,41.415733,14.643139,549.5,138
09:50:03,41.415727,14.643261,548.9,138
09:50:04,41.415722,14.643386,548.3,138
09:50:05,41.415721,14.643513,547.6,137
09:50:06,41.415718,14.643644,547.3,137
09:50:07,41.415717,14.643774,546.9,136
09:50:08,41.415714,14.643904,546.6,136
09:50:09,41.415714,14.644034,546.2,137
09:50:10,41.415714,14.644167,545.9,137
09:50:11,41.415708,14.644297,545.6,137
09:50:12,41.415704,14.644431,545.3,137
09:50:13,41.415703,14.644566,545.0,137
09:50:14,41.415698,14.644701,544.6,137
09:50:15,41.415691,14.644829,544.3,137
09:50:16,41.415686,14.644958,543.9,137
09:50:17,41.415681,14.645093,543.6,138
09:50:18,41.415679,14.645226,543.3,138
09:50:19,41.415677,14.645358,543.0,137
09:50:20,41.415672,14.645491,542.7,137
09:50:21,41.415666,14.645621,542.4,137
09:50:22,41.415662,14.645752,542.0,136
09:50:23,41.415658,14.645884,541.8,136
09:50:24,41.415653,14.646017,541.5,136
09:50:25,41.415653,14.646145,541.2,136
09:50:26,41.41565,14.646276,540.9,136
09:50:27,41.415648,14.646404,540.7,136
09:50:28,41.415644,14.64653,540.4,135
09:50:29,41.415643,14.646654,540.1,135
09:50:30,41.415639,14.646775,539.8,135
09:50:31,41.415637,14.646905,539.5,135
09:50:32,41.415634,14.647034,539.2,136
09:50:33,41.415628,14.647153,538.9,136
09:50:34,41.415622,14.647282,538.6,136
09:50:35,41.415618,14.647413,538.3,136
09:50:36,41.415614,14.647543,538.0,136
09:50:37,41.415612,14.647668,537.7,137
09:50:38,41.415609,14.647794,537.5,137
09:50:39,41.415606,14.647923,537.2,136
09:50:40,41.415601,14.648053,536.9,136
09:50:41,41.415597,14.648177,536.6,135
09:50:42,41.415589,14.648304,536.2,135
09:50:43,41.415582,14.64843,536.0,136
09:50:44,41.415576,14.64856,535.7,136
09:50:45,41.415572,14.648693,535.3,136
09:50:46,41.415568,14.648823,535.0,136
09:50:47,41.415564,14.648953,534.8,136
09:50:48,41.415558,14.649084,534.5,136
09:50:49,41.415551,14.649215,534.2,136
09:50:50,41.415545,14.649344,534.0,136
09:50:51,41.415538,14.649473,533.7,136
09:50:52,41.415533,14.649603,533.4,137
09:50:53,41.415529,14.649736,533.0,137
09:50:54,41.415529,14.649873,532.7,137
09:50:55,41.415526,14.650008,532.4,137
09:50:56,41.41552,14.65014,532.1,137
09:50:57,41.415513,14.650273,531.8,137
09:50:58,41.41551,14.650406,531.6,137
09:50:59,41.415504,14.650539,531.3,137
09:51:00,41.415496,14.65067,531.0,137
09:51:01,41.41549,14.650799,530.7,137
09:51:02,41.415488,14.650933,530.4,137
09:51:03,41.415485,14.651062,530.2,137
09:51:04,41.415479,14.651192,529.9,138
09:51:05,41.415478,14.651318,529.7,138
09:51:06,41.415474,14.651449,529.4,138
09:51:07,41.41547,14.651575,529.2,137
09:51:08,41.415465,14.651702,528.9,137
09:51:09,41.415466,14.651832,528.6,138
09:51:10,41.415463,14.651962,528.3,138
09:51:11,41.415458,14.652088,528.0,139
09:51:12,41.415456,14.652218,527.7,139
09:51:13,41.415454,14.65235,527.4,140
09:51:14,41.41545,14.652482,527.1,140
09:51:15,41.415448,14.652614,526.9,140
09:51:16,41.415445,14.652744,526.6,140
09:51:17,41.415442,14.652873,526.4,140
09:51:18,41.415437,14.653004,526.2,140
09:51:19,41.415432,14.653133,525.9,140
09:51:20,41.415425,14.653266,525.7,140
09:51:21,41.415421,14.653396,525.4,140
09:51:22,41.415416,14.653525,525.2,140
09:51:23,41.415412,14.653651,524.9,140
09:51:24,41.415407,14.653778,524.7,140
09:51:25,41.415409,14.653906,524.4,140
09:51:26,41.415407,14.654035,524.1,140
09:51:27,41.415401,14.65416,523.9,140
09:51:28,41.415396,14.654287,523.6,141
09:51:29,41.415394,14.654414,523.4,141
09:51:30,41.415388,14.654546,523.2,141
09:51:31,41.415387,14.654676,522.9,141
09:51:32,41.415387,14.654803,522.6,140
09:51:33,41.415384,14.654932,522.3,140
09:51:34,41.415382,14.655059,522.0,140
09:51:35,41.415377,14.655185,521.8,140
09:51:36,41.415371,14.655312,521.6,139
09:51:37,41.415369,14.655437,521.3,139
09:51:38,41.415368,14.655558,521.1,139
09:51:39,41.415366,14.655681,520.9,138
09:51:40,41.41536,14.655807,520.6,138
09:51:41,41.415354,14.655932,520.3,137
09:51:42,41.415347,14.656058,520.0,137
09:51:43,41.415342,14.656178,519.8,135
09:51:44,41.415339,14.656302,519.5,135
09:51:45,41.415331,14.656426,519.2,134
09:51:46,41.415334,14.65655,519.0,134
09:51:47,41.415325,14.656678,518.8,133
09:51:48,41.415322,14.656799,518.6,133
09:51:49,41.415321,14.656918,518.4,134
09:51:50,41.415317,14.65704,518.2,134
09:51:51,41.41532,14.657153,518.0,134
09:51:52,41.415325,14.657261,517.9,136
09:51:53,41.415323,14.657372,517.7,136
09:51:54,41.415315,14.657483,517.5,137
09:51:55,41.415305,14.657597,517.3,137
09:51:56,41.415299,14.657707,517.2,138
09:51:57,41.415294,14.657809,517.1,138
09:51:58,41.415287,14.657912,517.0,138
09:51:59,41.415283,14.658001,517.0,138
09:52:00,41.415263,14.658084,517.2,138
09:52:01,41.415236,14.658163,517.3,138
09:52:02,41.415214,14.658244,517.5,137
09:52:03,41.415198,14.658326,517.6,137
09:52:04,41.415201,14.6584,517.8,136
09:52:05,41.415232,14.658452,517.9,136
09:52:06,41.415289,14.65845,517.9,134
09:52:07,41.415332,14.6584,517.8,131
09:52:08,41.415359,14.658337,517.8,131
09:52:09,41.415373,14.658274,517.8,131
09:52:10,41.415386,14.658204,517.5,131
09:52:11,41.415393,14.658134,517.3,130
09:52:12,41.415406,14.658063,517.1,130
09:52:13,41.415433,14.657995,516.8,130
09:52:14,41.415473,14.657932,516.5,130
09:52:15,41.415524,14.657872,516.2,132
09:52:16,41.415583,14.657817,515.8,132
09:52:17,41.415642,14.657765,515.4,132
09:52:18,41.415708,14.657715,515.1,132
09:52:19,41.415774,14.657662,514.8,133
09:52:20,41.415843,14.657609,514.5,133
09:52:21,41.415909,14.657564,514.3,133
09:52:22,41.415975,14.657527,514.1,133
09:52:23,41.416041,14.657497,514.0,133
09:52:24,41.416111,14.657478,513.9,134
09:52:25,41.416182,14.657465,513.9,134
09:52:26,41.416251,14.657459,513.9,135
09:52:27,41.416318,14.657451,514.0,135
09:52:28,41.416382,14.657442,514.1,135
09:52:29,41.416445,14.657433,514.2,135
09:52:30,41.416506,14.657425,514.4,135
09:52:31,41.416563,14.657416,514.5,135
09:52:32,41.416621,14.657411,514.7,136
09:52:33,41.416677,14.657405,514.8,136
09:52:34,41.416737,14.657396,515.0,136
09:52:35,41.416795,14.657386,515.2,136
09:52:36,41.416848,14.657374,515.5,137
09:52:37,41.416896,14.657361,515.7,137
09:52:38,41.416945,14.657352,516.0,137
09:52:39,41.416992,14.657341,516.2,139
09:52:40,41.417039,14.657335,516.5,139
09:52:41,41.417082,14.65733,516.7,140
09:52:42,41.417128,14.657322,517.0,140
09:52:43,41.41717,14.657311,517.2,141
09:52:44,41.417213,14.6573,517.4,141
09:52:45,41.417255,14.657289,517.7,142
09:52:46,41.417295,14.65728,517.9,142
09:52:47,41.417332,14.657271,518.1,144
09:52:48,41.417372,14.657265,518.3,144
09:52:49,41.417416,14.657252,518.6,146
09:52:50,41.417458,14.65724,518.8,146
09:52:51,41.417499,14.657223,519.0,148
09:52:52,41.417538,14.657208,519.2,148
09:52:53,41.417579,14.657203,519.4,149
09:52:54,41.417618,14.657193,519.6,151
09:52:55,41.417659,14.657183,519.7,151
09:52:56,41.417704,14.657176,519.9,153
09:52:57,41.417746,14.657167,520.0,153
09:52:58,41.41779,14.657159,520.1,156
09:52:59,41.417835,14.657155,520.2,156
09:53:00,41.417884,14.657153,520.3,156
09:53:01,41.41793,14.65715,520.5,156
09:53:02,41.417977,14.657151,520.5,158
09:53:03,41.418019,14.657156,520.6,158
09:53:04,41.418059,14.657163,520.7,159
09:53:05,41.418099,14.657167,520.7,159
09:53:06,41.41814,14.657177,520.8,160
09:53:07,41.418181,14.657191,520.8,160
09:53:08,41.418223,14.657203,520.9,160
09:53:09,41.418265,14.657208,521.0,161
09:53:10,41.418309,14.657215,521.0,161
09:53:11,41.418353,14.657225,521.1,161
09:53:12,41.418398,14.657236,521.1,161
09:53:13,41.418443,14.657243,521.1,162
09:53:14,41.418487,14.657253,521.2,162
09:53:15,41.418533,14.657263,521.2,162
09:53:16,41.418577,14.65727,521.2,162
09:53:17,41.418626,14.657278,521.2,162
09:53:18,41.418675,14.65729,521.2,162
09:53:19,41.418726,14.657302,521.2,162
